"user, senhas"
"joelle.gutkowski@bernhardhansen.name,1234"
"julian.zieme@rosenbaum.biz,1234"
"vivienne@haagoreilly.info,1234"
"ema_braun@mante.name,1234"
"eric@goodwin.io,1234"
"jame_robel@trompweinat.io,1234"
"burton@gleichner.biz,1234"
"jeanmarie@blick.name,1234"
"marcellus@hintz.biz,1234"
"tamara_fadel@ruel.info,1234"
"rosy@schimmelratke.co,1234"
"sean@parker.biz,1234"
"denisha.heel@dare.org,1234"
"alvaro.bashirian@haley.co,1234"
"bertie@koelpin.info,1234"
"quincy@homenick.biz,1234"
"lelia.von@barton.info,1234"
"jeff.jerde@breitenberg.info,1234"
"hortensia.medhurst@schuster.io,1234"
"donovan@rosenbaumlynch.info,1234"
"henry@douglas.net,1234"
"emmanuel.bartell@thompsonjacobson.co,1234"
"lionel@fisherbartoletti.info,1234"
"galen@anderson.com,1234"
"mitsue@rohanlehner.org,1234"
"manuel.effertz@cole.net,1234"
"quinn_jerde@bins.co,1234"
"tenesha@wisozk.org,1234"
"thomas_armstrong@stark.info,1234"
"conception_funk@trantow.io,1234"
"vaughn@klingwintheiser.io,1234"
"odis@pouros.info,1234"
"carroll_kilback@wunschhodkiewicz.org,1234"
"emmitt@harvey.net,1234"
"arminda_schneider@mayertbuckridge.biz,1234"
"yolande@buckridge.name,1234"
"ardith.beahan@kautzerruel.name,1234"
"yen@stiedemannconsidine.name,1234"
"kendrick_lebsack@donnelly.org,1234"
"harris@davistillman.com,1234"
"katerine.walsh@schumm.org,1234"
"carmelita.bergnaum@miller.biz,1234"
"cai@marquardt.name,1234"
"drucilla@cole.com,1234"
"al@frami.com,1234"
"willena.lockman@monahan.info,1234"
"hortensia.roob@parker.name,1234"
"londa@zemlak.net,1234"
"matt@starkbergnaum.info,1234"
"isaac_marvin@lebsack.com,1234"
"karina@gerhold.io,1234"
"george@blanda.name,1234"
"bradford_nolan@adams.name,1234"
"hugh_treutel@altenwerthschultz.com,1234"
"nick.balistreri@klein.com,1234"
"marvin.bailey@orn.com,1234"
"clifton@crooks.io,1234"
"todd_mcglynn@wyman.info,1234"
"denis_hackett@hermiston.io,1234"
"kent@stokesziemann.info,1234"
"marge_franecki@langosh.com,1234"
"shayne.quitzon@wunschbecker.biz,1234"
"nick@pfeffermonahan.net,1234"
"clark@doyleemmerich.io,1234"
"elke_corwin@christiansen.io,1234"
"luigi.steuber@bednar.com,1234"
"carlton@harveyhudson.com,1234"
"tyson_vonrueden@wisozk.co,1234"
"bruno@durgan.io,1234"
"ruben_hane@kubratke.org,1234"
"brande@vonsenger.io,1234"
"will_toy@hermiston.info,1234"
"shad@vandervort.org,1234"
"brian@schroeder.io,1234"
"willy.moriette@olsonnader.co,1234"
"tynisha.rau@hickle.info,1234"
"claretta_thompson@wintheiser.co,1234"
"pearlie@grahamfarrell.org,1234"
"brandon_lebsack@ryanosinski.biz,1234"
"adrian.ebert@hauck.org,1234"
"bonny_king@kreiger.com,1234"
"tamala@walker.org,1234"
"ashley_bahringer@morar.org,1234"
"lauretta@powlowski.name,1234"
"marion@roob.io,1234"
"foster.mante@cummerata.io,1234"
"claudie@wisozk.co,1234"
"miles.schuppe@jacobsondenesik.net,1234"
"sherwood_hickle@ko.com,1234"
"victor_mitchell@greenholt.net,1234"
"timothy@wilkinson.net,1234"
"marquis_gislason@gutkowski.name,1234"
"dominic_walter@kling.co,1234"
"maud@hermannpollich.info,1234"
"buddy.hettinger@hermann.net,1234"
"donovan@mccullough.co,1234"
"franklyn@quitzon.io,1234"
"hiram_graham@durgan.org,1234"
"les@ondrickacrist.biz,1234"
"denny@davishoeger.info,1234"
"venus@fay.biz,1234"
"wally@rutherford.biz,1234"
"arnulfo_lang@wolffweimann.net,1234"
"efren@vonstrosin.net,1234"
"lazaro@gerhold.org,1234"
"earle@sanfordleuschke.co,1234"
"buck@klockoondricka.info,1234"
"carma@jenkins.io,1234"
"shala.aufderhar@zemlak.net,1234"
"alexis_nikolaus@hane.io,1234"
"edmund@armstrongconroy.info,1234"
"tayna@gutmann.biz,1234"
"genaro@willms.org,1234"
"anthony@osinski.net,1234"
"stacy@runolfon.com,1234"
"gilbert@steuber.com,1234"
"marna@rowe.name,1234"
"lindsey@quigley.io,1234"
"stewart@hayes.org,1234"
"lenny_schmeler@feeneykertzmann.name,1234"
"gerard@binslueilwitz.biz,1234"
"joaquin.kub@howell.co,1234"
"ursula_bayer@bernhard.info,1234"
"benny@hackett.biz,1234"
"deangelo@heelschmidt.name,1234"
"philip@schroederwuckert.com,1234"
"naida.kautzer@ryan.net,1234"
"glenn@considine.net,1234"
"boyce_bernhard@lesch.net,1234"
"benita.crooks@cormiermurphy.name,1234"
"garth@gibson.info,1234"
"armando@aufderhar.com,1234"
"patricia.kris@botsfordsenger.biz,1234"
"jewel@wolff.info,1234"
"hildred.howell@beahanschaden.com,1234"
"dominique.conn@mante.info,1234"
"sydney.stanton@lebsackjohnson.name,1234"
"chanell_carroll@monahan.info,1234"
"jone@renner.org,1234"
"mercedes.stanton@oconnelljones.net,1234"
"amee.crist@langworth.info,1234"
"prince_feest@jaskolskischroeder.org,1234"
"monte@yundt.io,1234"
"kizzy_collins@upton.io,1234"
"mitchell_dietrich@moore.info,1234"
"hulda@douglasklein.co,1234"
"kristen@jakubowskicorkery.co,1234"
"emerson@heathcotelittle.info,1234"
"chadwick@kris.io,1234"
"huey@kuvalis.co,1234"
"maria@kilback.io,1234"
"shaunte@raularkin.net,1234"
"anglea.braun@gulgowski.biz,1234"
"deena.vonrueden@crist.co,1234"
"deane.fay@medhurst.io,1234"
"darryl@tremblay.com,1234"
"viviana_ortiz@stracke.io,1234"
"diann_mcdermott@smithemmerich.info,1234"
"brooks@heathcote.co,1234"
"julie@caspermclaughlin.org,1234"
"edwin@moen.org,1234"
"ola@pagacruecker.io,1234"
"ali.sauer@considine.biz,1234"
"glen@sawayn.info,1234"
"dorthea_abbott@lefflerdeckow.co,1234"
"maragret@doylehayes.biz,1234"
"richie.jerde@feestgraham.net,1234"
"justa_zieme@feeney.io,1234"
"val.shanahan@schoen.info,1234"
"wade@schmidt.io,1234"
"manda@kozey.io,1234"
"vernon@mills.name,1234"
"joseph@christiansen.net,1234"
"fernande@maggiokrajcik.info,1234"
"ricky@rogahn.name,1234"
"tawanda@barton.io,1234"
"carl_brown@sanfordoberbrunner.co,1234"
"dusty@funk.io,1234"
"donette@ferry.name,1234"
"billi.schowalter@mann.com,1234"
"todd_robel@weber.biz,1234"
"haywood@gusikowski.biz,1234"
"ron@rodriguez.org,1234"
"kira@mraz.info,1234"
"scott_ruecker@leuschke.name,1234"
"nohemi@sengermorar.info,1234"
"jenni.block@herzogmorar.co,1234"
"janina@blickfarrell.io,1234"
"clare@reichelbosco.name,1234"
"billy_harris@parker.net,1234"
"bettyann@schiller.biz,1234"
"thurman_howe@boehm.org,1234"
"benito_mosciski@rowe.org,1234"
"kelsi@kilback.name,1234"
"shawn@bogan.name,1234"
"jack.wilkinson@schummschulist.info,1234"
"josue@bechtelarlang.co,1234"
"markus.huel@heidenreichbosco.org,1234"
"elwood_collier@cummings.co,1234"
"bebe.quigley@pfannerstill.co,1234"
"maira_collins@cummeratahackett.info,1234"
"juliann_steuber@schmidtadams.biz,1234"
"salley@schuster.net,1234"